<?xml version="1.0" encoding="UTF-8"?>
    <addon id="repository.luxury" name="Luxury Repository" version="1.3" provider-name="Luxury">
        <requires>
            <import addon="xbmc.addon" version="12.0.0"/>
        </requires>
        <extension point="xbmc.addon.repository" name="Luxury Repository">
            <info compressed="false">http://luxurywizard.space/_repo/addons.xml</info>
            <checksum>http://luxurywizard.space/_repo/addons.xml.md5</checksum>
            <datadir zip="true">http://luxurywizard.space/_repo/</datadir>
            <hashes>false</hashes>
        </extension>
        <extension point="xbmc.addon.metadata">
            <summary>Luxury Repo</summary>
            <description>The Home Of Luxury</description>
            <platform>all</platform>
    </extension>
</addon>